{
  "Profiles": [
    {
      "ASCII Anti Aliased": true,
      "Ambiguous Double Width": false,
      "Ansi 0 Color": {
        "Blue Component": 0.25882352941176473,
        "Color Space": "sRGB",
        "Green Component": 0.21176470588235294,
        "Red Component": 0.027450980392156862
      },
      "Ansi 1 Color": {
        "Blue Component": 0.1843137254901961,
        "Color Space": "sRGB",
        "Green Component": 0.19607843137254902,
        "Red Component": 0.8627450980392157
      },
      "Ansi 10 Color": {
        "Blue Component": 0.4588235294117647,
        "Color Space": "sRGB",
        "Green Component": 0.43137254901960786,
        "Red Component": 0.34509803921568627
      },
      "Ansi 11 Color": {
        "Blue Component": 0.5137254901960784,
        "Color Space": "sRGB",
        "Green Component": 0.4823529411764706,
        "Red Component": 0.396078431372549
      },
      "Ansi 12 Color": {
        "Blue Component": 0.5882352941176471,
        "Color Space": "sRGB",
        "Green Component": 0.5803921568627451,
        "Red Component": 0.5137254901960784
      },
      "Ansi 13 Color": {
        "Blue Component": 0.7686274509803922,
        "Color Space": "sRGB",
        "Green Component": 0.44313725490196076,
        "Red Component": 0.4235294117647059
      },
      "Ansi 14 Color": {
        "Blue Component": 0.6313725490196078,
        "Color Space": "sRGB",
        "Green Component": 0.6313725490196078,
        "Red Component": 0.5764705882352941
      },
      "Ansi 15 Color": {
        "Blue Component": 0.8901960784313725,
        "Color Space": "sRGB",
        "Green Component": 0.9647058823529412,
        "Red Component": 0.9921568627450981
      },
      "Ansi 2 Color": {
        "Blue Component": 0.0,
        "Color Space": "sRGB",
        "Green Component": 0.6,
        "Red Component": 0.5215686274509804
      },
      "Ansi 3 Color": {
        "Blue Component": 0.0,
        "Color Space": "sRGB",
        "Green Component": 0.5372549019607843,
        "Red Component": 0.7098039215686275
      },
      "Ansi 4 Color": {
        "Blue Component": 0.8235294117647058,
        "Color Space": "sRGB",
        "Green Component": 0.5450980392156862,
        "Red Component": 0.14901960784313725
      },
      "Ansi 5 Color": {
        "Blue Component": 0.5098039215686274,
        "Color Space": "sRGB",
        "Green Component": 0.21176470588235294,
        "Red Component": 0.8274509803921568
      },
      "Ansi 6 Color": {
        "Blue Component": 0.596078431372549,
        "Color Space": "sRGB",
        "Green Component": 0.6313725490196078,
        "Red Component": 0.16470588235294117
      },
      "Ansi 7 Color": {
        "Blue Component": 0.8352941176470589,
        "Color Space": "sRGB",
        "Green Component": 0.9098039215686274,
        "Red Component": 0.9333333333333333
      },
      "Ansi 8 Color": {
        "Blue Component": 0.21176470588235294,
        "Color Space": "sRGB",
        "Green Component": 0.16862745098039217,
        "Red Component": 0.0
      },
      "Ansi 9 Color": {
        "Blue Component": 0.08627450980392157,
        "Color Space": "sRGB",
        "Green Component": 0.29411764705882354,
        "Red Component": 0.796078431372549
      },
      "BM Growl": true,
      "Background Color": {
        "Blue Component": 0.21176470588235294,
        "Color Space": "sRGB",
        "Green Component": 0.16862745098039217,
        "Red Component": 0.0
      },
      "Background Image Location": "",
      "Badge Color": {
        "Alpha Component": 0.5,
        "Blue Component": 0.13960540294647217,
        "Color Space": "P3",
        "Green Component": 0.25479039549827576,
        "Red Component": 0.9292940497398376
      },
      "Blinking Cursor": false,
      "Blur": false,
      "Bold Color": {
        "Blue Component": 0.6313725490196078,
        "Color Space": "sRGB",
        "Green Component": 0.6313725490196078,
        "Red Component": 0.5764705882352941
      },
      "Character Encoding": 4,
      "Close Sessions On End": true,
      "Columns": 80,
      "Command": "",
      "Cursor Color": {
        "Blue Component": 0.5882352941176471,
        "Color Space": "sRGB",
        "Green Component": 0.5803921568627451,
        "Red Component": 0.5137254901960784
      },
      "Cursor Guide Color": {
        "Alpha Component": 0.25,
        "Blue Component": 0.9912572503089905,
        "Color Space": "P3",
        "Green Component": 0.9204778671264648,
        "Red Component": 0.7486259341239929
      },
      "Cursor Text Color": {
        "Blue Component": 0.25882352941176473,
        "Color Space": "sRGB",
        "Green Component": 0.21176470588235294,
        "Red Component": 0.027450980392156862
      },
      "Custom Command": "No",
      "Custom Directory": "No",
      "Custom Locale": "en_AU.UTF-8",
      "Default Bookmark": "No",
      "Description": "Default",
      "Disable Window Resizing": true,
      "Flashing Bell": false,
      "Foreground Color": {
        "Blue Component": 0.5882352941176471,
        "Color Space": "sRGB",
        "Green Component": 0.5803921568627451,
        "Red Component": 0.5137254901960784
      },
      "Guid": "6618198B-6735-43A9-B29D-708893E95972",
      "Horizontal Spacing": 1.0,
      "Idle Code": 0,
      "Jobs to Ignore": [
        "rlogin",
        "ssh",
        "slogin",
        "telnet"
      ],
      "Keyboard Map": {
        "0x7b-0x120000-0x21": {
          "Action": 11,
          "Label": "",
          "Text": "13 70",
          "Version": 0
        },
        "0x7d-0x120000-0x1e": {
          "Action": 11,
          "Label": "",
          "Text": "13 6e",
          "Version": 0
        },
        "0xd-0x20000-0x24": {
          "Action": 10,
          "Label": "",
          "Text": "[13;2u",
          "Version": 0
        }
      },
      "Link Color": {
        "Alpha Component": 1.0,
        "Blue Component": 0.7093239426612854,
        "Color Space": "P3",
        "Green Component": 0.35333043336868286,
        "Red Component": 0.14513972401618958
      },
      "Match Background Color": {
        "Alpha Component": 1.0,
        "Blue Component": 0.32116127014160156,
        "Color Space": "P3",
        "Green Component": 0.9860088229179382,
        "Red Component": 0.9969714283943176
      },
      "Mouse Reporting": true,
      "Name": "Default",
      "Non Ascii Font": "Menlo-Regular 11",
      "Non-ASCII Anti Aliased": true,
      "Normal Font": "JetBrainsMonoNFM-Regular 15",
      "Option Key Sends": 0,
      "Prompt Before Closing 2": false,
      "Right Option Key Sends": 0,
      "Rows": 25,
      "Screen": -1,
      "Scrollback Lines": 0,
      "Selected Text Color": {
        "Blue Component": 0.6313725490196078,
        "Color Space": "sRGB",
        "Green Component": 0.6313725490196078,
        "Red Component": 0.5764705882352941
      },
      "Selection Color": {
        "Blue Component": 0.25882352941176473,
        "Color Space": "sRGB",
        "Green Component": 0.21176470588235294,
        "Red Component": 0.027450980392156862
      },
      "Send Code When Idle": false,
      "Set Local Environment Vars": 2,
      "Shortcut": "",
      "Silence Bell": false,
      "Sync Title": false,
      "Tags": [],
      "Terminal Type": "xterm-256color",
      "Transparency": 0.0,
      "Unlimited Scrollback": true,
      "Use Bold Font": true,
      "Use Bright Bold": true,
      "Use Italic Font": true,
      "Use Non-ASCII Font": false,
      "Vertical Spacing": 1.0,
      "Visual Bell": true,
      "Window Type": 0,
      "Working Directory": "/Users/ilia.murzinov"
    }
  ]
}
